{
  "schema_version": 1,
  "bug": 16,
  "timestamp_utc": "20260414T204656Z",
  "host": {
    "platform": "darwin",
    "python": "3.12.13"
  },
  "config": {
    "mode": "knowledge",
    "scenario": "cold-typical",
    "runs_requested": 3,
    "store_batch_size": 50,
    "embed_batch_size": null,
    "pre_warm": false,
    "mega_batch": false,
    "label": "optA_abstract_1stchunk",
    "pdf_path": null
  },
  "aggregate": {
    "ok_runs": 3,
    "total_runs": 3,
    "phases": {
      "total_ns": {
        "min": 12948780583,
        "max": 13122911208,
        "median": 13026768917,
        "mean": 13032820236.0,
        "stdev": 87222889.69618283,
        "p95": 13122911208
      },
      "model_init_ns": {
        "min": 1104464166,
        "max": 1134298833,
        "median": 1106833250,
        "mean": 1115198749.6666667,
        "stdev": 16583516.733641641,
        "p95": 1134298833
      },
      "chunking_ns": {
        "min": 136251,
        "max": 139374,
        "median": 136332,
        "mean": 137319.0,
        "stdev": 1780.1429717862552,
        "p95": 139374
      },
      "embed_ns": {
        "min": 11574789376,
        "max": 11747210168,
        "median": 11595673542,
        "mean": 11639224362.0,
        "stdev": 94099616.4736133,
        "p95": 11747210168
      },
      "store_total_ns": {
        "min": 11715263751,
        "max": 11890260960,
        "median": 11738723126,
        "mean": 11781415945.666666,
        "stdev": 94989543.78122526,
        "p95": 11890260960
      },
      "upsert_ns_derived": {
        "min": 140474375,
        "max": 143050792,
        "median": 143049584,
        "mean": 142191583.66666666,
        "stdev": 1487146.4515885224,
        "p95": 143050792
      },
      "warmup_ns": {
        "min": 0,
        "max": 0,
        "median": 0,
        "mean": 0.0,
        "stdev": 0.0,
        "p95": 0
      },
      "wall_ns_parent": {
        "min": 13500702291,
        "max": 13686940084,
        "median": 13602486000,
        "mean": 13596709458.333334,
        "stdev": 93253178.01875582,
        "p95": 13686940084
      },
      "rss_peak_bytes": {
        "min": 3638099968,
        "max": 3638099968,
        "median": 3638099968,
        "mean": 3638099968.0,
        "stdev": 0.0,
        "p95": 3638099968
      }
    },
    "total_chunks": 206,
    "docs_processed": 12,
    "lang": "ca",
    "target_collection": "nexe_documentation"
  },
  "runs": [
    {
      "event": "ingest_complete",
      "schema_version": 1,
      "bug": 16,
      "docs_processed": 12,
      "total_chunks": 206,
      "target_collection": "nexe_documentation",
      "lang": "ca",
      "total_ns": 13026768917,
      "model_init_ns": 1134298833,
      "chunking_ns": 139374,
      "embed_ns": 11595673542,
      "embed_calls": 12,
      "chunks_embedded": 206,
      "store_total_ns": 11738723126,
      "store_calls": 12,
      "chunks_stored": 206,
      "warmup_ns": 0,
      "upsert_ns_derived": 143049584,
      "ok": true,
      "returncode": 0,
      "wall_ns_parent": 13602486000,
      "rss_peak_bytes": 3638099968,
      "rss_delta_bytes": 3638099968,
      "run_index": 0
    },
    {
      "event": "ingest_complete",
      "schema_version": 1,
      "bug": 16,
      "docs_processed": 12,
      "total_chunks": 206,
      "target_collection": "nexe_documentation",
      "lang": "ca",
      "total_ns": 13122911208,
      "model_init_ns": 1104464166,
      "chunking_ns": 136332,
      "embed_ns": 11747210168,
      "embed_calls": 12,
      "chunks_embedded": 206,
      "store_total_ns": 11890260960,
      "store_calls": 12,
      "chunks_stored": 206,
      "warmup_ns": 0,
      "upsert_ns_derived": 143050792,
      "ok": true,
      "returncode": 0,
      "wall_ns_parent": 13686940084,
      "rss_peak_bytes": 3638099968,
      "rss_delta_bytes": 0,
      "run_index": 1
    },
    {
      "event": "ingest_complete",
      "schema_version": 1,
      "bug": 16,
      "docs_processed": 12,
      "total_chunks": 206,
      "target_collection": "nexe_documentation",
      "lang": "ca",
      "total_ns": 12948780583,
      "model_init_ns": 1106833250,
      "chunking_ns": 136251,
      "embed_ns": 11574789376,
      "embed_calls": 12,
      "chunks_embedded": 206,
      "store_total_ns": 11715263751,
      "store_calls": 12,
      "chunks_stored": 206,
      "warmup_ns": 0,
      "upsert_ns_derived": 140474375,
      "ok": true,
      "returncode": 0,
      "wall_ns_parent": 13500702291,
      "rss_peak_bytes": 3638099968,
      "rss_delta_bytes": 0,
      "run_index": 2
    }
  ]
}